crop,source,src_w,src_h,x0,y0,x1,y1
01.png,01.tif,500,500,122,122,378,378
02.png,02.tif,500,500,122,122,378,378
03.png,03.tif,500,500,122,122,378,378
04.png,04.tif,500,500,122,122,378,378
05.png,05.tif,500,500,122,122,378,378
06.png,06.tif,500,500,122,122,378,378
07.png,07.tif,500,500,122,122,378,378
08.png,08.tif,500,500,122,122,378,378
09.png,09.tif,500,500,122,122,378,378
10.png,10.tif,500,500,122,122,378,378
11.png,11.tif,500,500,122,122,378,378
12.png,12.tif,500,500,122,122,378,378
13.png,13.tif,500,500,122,122,378,378
14.png,14.tif,500,500,122,122,378,378
15.png,15.tif,500,500,122,122,378,378
16.png,16.tif,500,500,122,122,378,378
17.png,17.tif,500,500,122,122,378,378
18.png,18.tif,500,500,122,122,378,378
