zeta,lambda,psnr,lpips
0.3,1,24.7864,0.3410
0.3,2,25.0036,0.3349
0.3,3,25.1950,0.3337
0.3,4,25.2453,0.3294
0.3,5,25.4246,0.3224
0.3,6,25.4604,0.3251
0.3,7,25.5057,0.3232
0.3,8,25.6126,0.3189
0.3,9,25.7185,0.3169
0.3,10,25.7721,0.3170
0.3,11,25.7430,0.3141
0.3,12,25.8195,0.3162
0.7,1,26.7651,0.2831
0.7,2,27.2753,0.2692
0.7,3,27.6812,0.2584
0.7,4,28.0209,0.2474
0.7,5,28.1978,0.2396
0.7,6,28.4722,0.2300
0.7,7,28.4813,0.2332
0.7,8,28.4771,0.2367
0.7,9,28.4620,0.2428
0.7,10,28.3747,0.2488
0.7,11,28.3668,0.2558
0.7,12,28.2489,0.2632
1.0,1,29.2581,0.2181
1.0,2,30.3022,0.1873
1.0,3,30.6704,0.1842
1.0,4,30.4815,0.2117
1.0,5,30.1720,0.2384
1.0,6,29.8508,0.2587
1.0,7,29.5552,0.2751
1.0,8,29.3040,0.2893
1.0,9,29.0977,0.2998
1.0,10,28.8538,0.3113
1.0,11,28.6718,0.3186
1.0,12,28.5057,0.3252
